{
    "faithfulness": 0.8475378451710524,
    "answer_relevancy": 0.7894198285677974,
    "context_precision": 0.7559725582026686,
    "context_recall": 0.9070038994659703
}